<?xml version="1.0" encoding="UTF-8"?>
<project-private xmlns="http://www.netbeans.org/ns/project-private/1">
    <editor-bookmarks xmlns="http://www.netbeans.org/ns/editor-bookmarks/2" lastBookmarkId="0"/>
    <open-files xmlns="http://www.netbeans.org/ns/projectui-open-files/2">
        <group>
            <file>file:/E:/examen/web/index.xhtml</file>
            <file>file:/E:/examen/src/java/modelos/ListaClientes.java</file>
            <file>file:/E:/examen/web/Lista.xhtml</file>
            <file>file:/E:/examen/web/detalles.xhtml</file>
            <file>file:/E:/examen/src/java/logica/DetallesBean.java</file>
            <file>file:/E:/examen/src/java/logica/PaginaListado.java</file>
            <file>file:/E:/examen/src/java/logica/Crear.java</file>
            <file>file:/E:/examen/src/java/modelos/Solicitud.java</file>
        </group>
    </open-files>
</project-private>
